"['About 121,000,000 results']"
[]
"['About 399,000,000 results']"
[]
"['About 6,620,000,000 results']"
"['About 4,690,000,000 results']"
"['About 418,000,000 results']"
"['About 74,600,000 results']"
"['About 717,000,000 results']"
"['About 1,870,000,000 results']"
"['About 143,000,000 results']"
[]
"['About 14,890,000,000 results']"
"['About 1,810,000,000 results']"
"['About 113,000,000 results']"
[]
[]
"['About 70,800,000 results']"
[]
"['About 54,900,000 results']"
"['About 2,680,000,000 results']"
"['About 94,200,000 results']"
"['About 13,130,000,000 results']"
"['About 6,930,000 results']"
"['About 12,390,000,000 results']"
"['About 10,720,000,000 results']"
[]
"['About 173,000,000 results']"
"['About 114,000,000 results']"
"['About 37,500,000 results']"
"['About 5,240,000,000 results']"
[]
"['About 4,770,000,000 results']"
"['About 1,190,000,000 results']"
"['About 1,750,000,000 results']"
"['About 455,000,000 results']"
[]
"['About 1,120,000,000 results']"
"['About 108,000,000 results']"
"['About 554,000,000 results']"
[]
"['About 2,220,000,000 results']"
"['About 581,000,000 results']"
"['About 4,570,000 results']"
"['About 64,400,000 results']"
"['About 20,690,000,000 results']"
"['About 249,000,000 results']"
"['About 77,300,000 results']"
"['About 85,200,000 results']"
"['About 449,000,000 results']"
"['About 667,000,000 results']"
"['About 485,000,000 results']"
"['About 610,000,000 results']"
"['About 860,000,000 results']"
"['About 649,000,000 results']"
"['About 315,000,000 results']"
"['About 3,340,000,000 results']"
"['About 133,000,000 results']"
"['About 5,770,000,000 results']"
"['About 137,000,000 results']"
"['About 5,010,000,000 results']"
[]
"['About 392,000,000 results']"
[]
"['About 18,280,000,000 results']"
"['About 7,430,000,000 results']"
"['About 33,000,000 results']"
"['About 792,000,000 results']"
"['About 479,000,000 results']"
"['About 9,910,000,000 results']"
"['About 319,000,000 results']"
"['About 11,430,000,000 results']"
"['About 2,490,000,000 results']"
"['About 17,890,000,000 results']"
"['About 4,980,000 results']"
"['About 330,000,000 results']"
"['About 4,230,000,000 results']"
"['About 1,010,000,000 results']"
"['About 116,000,000 results']"
"['About 68,800,000 results']"
"['About 11,260,000,000 results']"
[]
[]
"['About 37,700,000 results']"
"['About 131,000,000 results']"
"['About 140,000,000 results']"
"['About 1,870,000,000 results']"
[]
"['About 1,030,000,000 results']"
"['About 471,000,000 results']"
"['About 55,800,000 results']"
"['About 491,000,000 results']"
"['About 1,300,000,000 results']"
"['About 24,770,000,000 results']"
"['About 1,080,000,000 results']"
"['About 4,010,000,000 results']"
[]
"['About 310,000,000 results']"
"['About 489,000,000 results']"
[]
[]
"['About 273,000,000 results']"
"['About 344,000,000 results']"
[]
"['About 597,000,000 results']"
"['About 7,770,000,000 results']"
[]
"['About 151,000,000 results']"
"['About 24,700,000 results']"
"['About 385,000,000 results']"
"['About 5,680,000,000 results']"
"['About 39,700,000 results']"
"['About 194,000,000 results']"
"['About 63,400,000 results']"
"['About 12,050,000,000 results']"
"['About 1,010,000,000 results']"
"['About 4,190,000,000 results']"
"['About 228,000,000 results']"
[]
"['About 250,000,000 results']"
"['About 17,300,000 results']"
"['About 1,330,000,000 results']"
"['About 97,400,000 results']"
"['About 63,900,000 results']"
"['About 16,800,000 results']"
[]
"['About 3,500,000,000 results']"
[]
"['About 137,000,000 results']"
"['About 13,670,000,000 results']"
"['About 73,200,000 results']"
"['About 5,780,000,000 results']"
"['About 1,380,000,000 results']"
[]
"['About 10,020,000,000 results']"
"['About 236,000,000 results']"
"['About 3,210,000,000 results']"
"['About 29,900,000 results']"
"['About 7,770,000,000 results']"
"['About 223,000,000 results']"
"['About 27,100,000 results']"
"['About 66,900,000 results']"
"['About 49,100,000 results']"
"['About 368,000,000 results']"
[]
"['About 32,800,000 results']"
"['About 906,000,000 results']"
"['About 34,000,000 results']"
"['About 2,980,000,000 results']"
"['About 51,400,000 results']"
"['About 1,100,000,000 results']"
[]
"['About 50,500,000 results']"
[]
[]
"['About 1,580,000,000 results']"
[]
"['About 62,700,000 results']"
"['About 1,450,000,000 results']"
[]
"['About 885,000,000 results']"
"['About 236,000,000 results']"
"['About 357,000,000 results']"
"['About 3,140,000,000 results']"
[]
"['About 545,000,000 results']"
"['About 197,000,000 results']"
"['About 32,600,000 results']"
"['About 8,570,000 results']"
"['About 177,000,000 results']"
[]
"['About 7,660,000 results']"
[]
[]
[]
"['About 25,200,000 results']"
"['About 216,000,000 results']"
"['About 490,000,000 results']"
"['About 8,340,000,000 results']"
[]
"['About 27,600,000 results']"
"['About 5,970,000,000 results']"
"['About 88,200,000 results']"
[]
"['About 467,000,000 results']"
"['About 11,090,000,000 results']"
"['About 382,000,000 results']"
"['About 2,430,000,000 results']"
"['About 380,000,000 results']"
"['About 60,300,000 results']"
"['About 85,200,000 results']"
"['About 312,000,000 results']"
"['About 2,340,000,000 results']"
"['About 13,100,000 results']"
"['About 31,900,000 results']"
"['About 19,600,000 results']"
"['About 22,700,000 results']"
"['About 11,420,000,000 results']"
"['About 50,400,000 results']"
"['About 49,400,000 results']"
[]
"['About 112,000,000 results']"
"['About 1,550,000,000 results']"
[]
"['About 986,000,000 results']"
"['About 370,000,000 results']"
"['About 2,450,000 results']"
"['About 3,860,000,000 results']"
"['About 413,000,000 results']"
"['About 212,000,000 results']"
"['About 1,220,000,000 results']"
"['About 266,000,000 results']"
[]
[]
"['About 186,000,000 results']"
"['About 60,100,000 results']"
[]
"['About 30,100,000 results']"
"['About 262,000,000 results']"
"['About 426,000,000 results']"
"['About 8,100,000 results']"
"['About 3,360,000,000 results']"
"['About 10,800,000 results']"
[]
[]
"['About 1,750,000,000 results']"
"['About 687,000,000 results']"
"['About 246,000,000 results']"
"['About 145,000,000 results']"
"['About 242,000,000 results']"
[]
"['About 20,200,000 results']"
"['About 62,400,000 results']"
"['About 2,970,000,000 results']"
"['About 1,140,000,000 results']"
"['About 2,320,000,000 results']"
"['About 760,000,000 results']"
"['About 728,000,000 results']"
"['About 66,800,000 results']"
"['About 3,570,000,000 results']"
"['About 61,900,000 results']"
"['About 104,000,000 results']"
[]
"['About 10,740,000,000 results']"
"['About 6,060,000,000 results']"
"['About 68,600,000 results']"
"['About 209,000,000 results']"
"['About 133,000,000 results']"
"['About 2,000,000,000 results']"
"['About 145,000,000 results']"
"['About 1,430,000,000 results']"
"['About 17,200,000 results']"
"['About 396,000,000 results']"
[]
"['About 45,400,000 results']"
"['About 1,170,000,000 results']"
"['About 1,060,000,000 results']"
"['About 3,950,000,000 results']"
[]
"['About 402,000,000 results']"
"['About 1,550,000,000 results']"
"['About 78,100,000 results']"
"['About 73,300,000 results']"
"['About 29,500,000 results']"
"['About 36,000,000 results']"
"['About 47,100,000 results']"
"['About 10,510,000,000 results']"
"['About 55,800,000 results']"
"['About 677,000,000 results']"
"['About 31,200,000 results']"
"['About 9,780,000,000 results']"
"['About 78,000,000 results']"
"['About 63,200,000 results']"
[]
"['About 39,800,000 results']"
"['About 5,810,000,000 results']"
"['About 4,040,000,000 results']"
"['About 257,000,000 results']"
"['About 4,500,000,000 results']"
"['About 4,790,000,000 results']"
"['About 4,240,000,000 results']"
"['About 250,000,000 results']"
"['About 509,000,000 results']"
"['About 5,670,000,000 results']"
"['About 101,000,000 results']"
"['About 1,380,000,000 results']"
"['About 812,000,000 results']"
"['About 541,000,000 results']"
"['About 453,000,000 results']"
"['About 1,170,000,000 results']"
"['About 141,000,000 results']"
"['About 17,100,000 results']"
"['About 5,240,000,000 results']"
"['About 564,000,000 results']"
"['About 30,400,000 results']"
"['About 92,500,000 results']"
"['About 62,500,000 results']"
"['About 15,300,000 results']"
[]
"['About 317,000,000 results']"
"['About 17,220,000,000 results']"
"['About 4,370,000,000 results']"
"['About 249,000,000 results']"
"['About 8,050,000,000 results']"
[]
"['About 686,000,000 results']"
"['About 919,000,000 results']"
"['About 856,000,000 results']"
[]
"['About 11,600,000 results']"
[]
"['About 29,500,000 results']"
"['About 1,060,000,000 results']"
"['About 19,030,000,000 results']"
"['About 69,400,000 results']"
"['About 140,000,000 results']"
[]
[]
"['About 4,720,000,000 results']"
"['About 11,130,000,000 results']"
"['About 462,000,000 results']"
"['About 1,420,000,000 results']"
"['About 9,280,000,000 results']"
"['About 12,100,000 results']"
"['About 137,000,000 results']"
"['About 10,040,000,000 results']"
[]
"['About 45,900,000 results']"
[]
"['About 314,000,000 results']"
"['About 46,500,000 results']"
[]
"['About 13,100,000 results']"
"['About 447,000,000 results']"
"['About 516,000,000 results']"
"['About 1,230,000,000 results']"
"['About 317,000,000 results']"
"['About 19,620,000,000 results']"
[]
[]
"['About 961,000,000 results']"
"['About 511,000,000 results']"
"['About 412,000,000 results']"
[]
"['About 9,650,000,000 results']"
"['About 610,000,000 results']"
"['About 3,010,000,000 results']"
"['About 264,000,000 results']"
"['About 36,800,000 results']"
"['About 10,490,000,000 results']"
"['About 1,810,000,000 results']"
"['About 704,000,000 results']"
"['About 10,200,000 results']"
"['About 135,000,000 results']"
"['About 271,000,000 results']"
"['About 133,000,000 results']"
